{
  "num_models": [
    2,
    5,
    10,
    15,
    20,
    30,
    40,
    50,
    60,
    70
  ],
  "uniform_accuracy": [
    0.80618,
    0.80584,
    0.80544,
    0.80552,
    0.80618,
    0.80476,
    0.80376,
    0.80316,
    0.80078,
    0.80022
  ],
  "random_accuracy": [
    0.79948,
    0.79746,
    0.7973,
    0.77862,
    0.78594,
    0.7865,
    0.78468,
    0.7871,
    0.77286,
    0.77012
  ],
  "random_elect_sign_accuracy": [
    0.79816,
    0.79956,
    0.79728,
    0.77804,
    0.78952,
    0.78634,
    0.78876,
    0.78926,
    0.77546,
    0.75424
  ]
}